Название;Цена;Ссылка
Настольная лампа Алней Бежевый;7490;https://www.divan.ru/product/nastolnaya-lampa-alnej-beige
Настольная лампа Нидлс Бежевый;8810;https://www.divan.ru/product/nastolnaya-lampa-nidls-raffia-beige
Настольная лампа Спайк Зеленый;2050;https://www.divan.ru/product/nastolnaya-lampa-spajk-green
Подвесной светильник Портланд Черный;5280;https://www.divan.ru/product/podvesnoj-svetilnik-portland-black
Подвесной светильник Нидлс Бежевый;8810;https://www.divan.ru/product/podvesnoj-svetilnik-nidls-beige
Торшер Алней Черный;13220;https://www.divan.ru/product/torsher-alnej-black
Торшер Вена Черный;17630;https://www.divan.ru/product/torsher-vena-black
Бра Смастен Черный;6310;https://www.divan.ru/product/bra-smasten-black
Торшер Бинду Бежевый;22480;https://www.divan.ru/product/torsher-bindu-beige
Торшер Ларри Черный;18510;https://www.divan.ru/product/torsher-larri-black
Настольная лампа Сфера Оранжевый;7490;https://www.divan.ru/product/nastolnaya-lampa-sfera-orange
Торшер Алней-1 Черный;11750;https://www.divan.ru/product/torsher-alnej-1-black
Настольная лампа Истад Белый;2930;https://www.divan.ru/product/nastolnaya-lampa-istad-white
Торшер Нидлс-2 Черный;23510;https://www.divan.ru/product/torsher-nidls-2-black
Настольная лампа Машрум-2 Розовый;6310;https://www.divan.ru/product/nastolnaya-lampa-mashrum-2-pink
Торшер Нидлс Бежевый;21310;https://www.divan.ru/product/torsher-nidls-khaki
Торшер Алней-1 Бежевый;11750;https://www.divan.ru/product/torsher-alnej-1-beige
Настольная лампа Машрум-2 Золотистый;7930;https://www.divan.ru/product/nastolnaya-lampa-mashrum-2-gold
Настольная лампа Нидлс-2 Бежевый;4990;https://www.divan.ru/product/nastolnaya-lampa-nidls-2-beige
Настольная лампа Машрум-2 Оливковый;6310;https://www.divan.ru/product/nastolnaya-lampa-mashrum-2-green
Торшер Алней-1 Зеленый;10570;https://www.divan.ru/product/torsher-alnej-1-green
Настольная лампа Алней Черный;7490;https://www.divan.ru/product/nastolnaya-lampa-alnej-black
Настольная лампа Раффи Натуральный;8810;https://www.divan.ru/product/nastolnaya-lampa-raffi-round
Настольная лампа Машрум-2 Серый;6610;https://www.divan.ru/product/nastolnaya-lampa-mashrum-2-grey
Торшер Алней Бежевый;13220;https://www.divan.ru/product/torsher-alnej-beige
Настольная лампа Требен Оранжевый;6310;https://www.divan.ru/product/nastolnaya-lampa-treben-orange
Подвесной светильник Кая Белый;4400;https://www.divan.ru/product/podvesnoj-svetilnik-kaya-white
Настольная лампа Сканди Белый;7490;https://www.divan.ru/product/nastolnaya-lampa-skandi-white
Настольная лампа Требен Белый;4990;https://www.divan.ru/product/nastolnaya-lampa-treben-white
Настольная лампа Гросс Белый;6310;https://www.divan.ru/product/nastolnaya-lampa-gross-white
Торшер Вена Бежевый;15870;https://www.divan.ru/product/torsher-vena-beige
Настольная лампа Клауд Белый;21160;https://www.divan.ru/product/nastolnaya-lampa-klaud-white
Настольная лампа Сфера Черный;7490;https://www.divan.ru/product/nastolnaya-lampa-sfera-black
Торшер Осло Белый;23800;https://www.divan.ru/product/torsher-oslo-white
Торшер Алней Зеленый;13220;https://www.divan.ru/product/torsher-alnej-green
Торшер Алней Оранжевый;13220;https://www.divan.ru/product/torsher-alnej-orange
Настольная лампа Алней Зеленый;7490;https://www.divan.ru/product/nastolnaya-lampa-alnej-green
Настольная лампа Рэй Черный;6610;https://www.divan.ru/product/nastolnaya-lampa-rej-black
Торшер Сканди Белый;17630;https://www.divan.ru/product/torsher-skandi-white
Торшер Алней-1 Оранжевый;13220;https://www.divan.ru/product/torsher-alnej-1-orange
Торшер Ларри Оливковый;20570;https://www.divan.ru/product/torsher-larri-green
Настольная лампа Алней Оранжевый;7930;https://www.divan.ru/product/nastolnaya-lampa-alnej-orange
Настольная лампа Машрум-2 Серебристый;7930;https://www.divan.ru/product/nastolnaya-lampa-mashrum-2-silver
Торшер Ларри Бежевый;18510;https://www.divan.ru/product/torsher-larri-beige
Настольная лампа Леррет Бежевый;7490;https://www.divan.ru/product/nastolnaya-lampa-lerret-beige
Торшер Грено-2 Черный;22040;https://www.divan.ru/product/torsher-greno-2-black
Торшер Ральф Бежевый;20570;https://www.divan.ru/product/torsher-ralf-beige
Подвесной светильник Ферум Оранжевый;5140;https://www.divan.ru/product/podvesnoj-svetilnik-ferum-orange
